<?xml version="1.0" encoding="UTF-8"?>
<rss version="2.0" xmlns:ror="http://rorweb.com/0.1/" >
<channel>
  <title>ROR Sitemap for https://www.ecolifeimper.com.br/</title>
  <link>https://www.ecolifeimper.com.br/</link>

<item>
     <link>https://www.ecolifeimper.com.br/</link>
     <title>Ecolife - Limpeza e Impermeabilização de Estofados</title>
     <description>Ecolife - Limpeza e Impermeabilização de Estofados</description>
     <ror:updatePeriod></ror:updatePeriod>
     <ror:sortOrder>0</ror:sortOrder>
     <ror:resourceOf>sitemap</ror:resourceOf>
</item>
<item>
     <link>https://www.ecolifeimper.com.br/index.php</link>
     <title>Ecolife - Limpeza e Impermeabilização de Estofados</title>
     <description>Ecolife - Limpeza e Impermeabilização de Estofados</description>
     <ror:updatePeriod></ror:updatePeriod>
     <ror:sortOrder>1</ror:sortOrder>
     <ror:resourceOf>sitemap</ror:resourceOf>
</item>
</channel>
</rss>
  